Nr.;Schritt;Materialnummer;Volumen[mm^3];Arbeitsplatz;Qualifikation;Kosten[($)];Dauer[min]
0;initWorkingstep;null;999999.9999999999;null;1;0.0;0.0
1;liefern;00043554;999999.9999999999;liefern_4;1;0.0;0.0
2;fräsen;00043554;754661.49210363;CNC_Mill_07;2;12.729062276308472;21.58760549573463
3;bohren;00043554;745328.3481173802;Drill_Press_04;2;9.247311813406233;18.37754451989385
4;schleifen;00043554;745328.3481173802;Grinding_Station_04;1;11.853839624638677;20.111897400722913
5;kontrollieren;00043554;745328.3481173802;Grinding_Station_04;1;2.3333333333333335;4.0
