Nr.;Schritt;Materialnummer;Volumen[mm^3];Arbeitsplatz;Qualifikation;Kosten[($)];Dauer[min]
0;initWorkingstep;null;6000000.0;null;1;0.0;0.0
1;liefern;00011000;6000000.0;liefern_1;1;0.0;0.0
2;fräsen;00011000;4521309.0;CNC_Mill_08;2;11.950147589732639;19.007521440263982
3;bohren;00011000;4475728.11156233;Drill_Press_04;2;8.35588529715189;16.487381925238704
