Nr.;Schritt;Materialnummer;Volumen[mm^3];Arbeitsplatz;Qualifikation;Kosten[($)];Dauer[min]
0;initWorkingstep;null;1759291.886010284;null;1;0.0;0.0
1;liefern;00020820;1759291.886010284;liefern_2;1;0.0;0.0
2;drehen;00020820;853774.6596619178;CNC_Lathe_04;1;9.065444384767485;13.615043654951938
3;bohren;00020820;841981.8902299169;Drill_Press_04;2;5.8778313690352375;11.703733996335531
4;fräsen;00020820;830791.2672270342;CNC_Mill_08;2;5.11822188664281;8.445790651528927
