Nr.;Schritt;Materialnummer;Volumen[mm^3];Arbeitsplatz;Qualifikation;Kosten[($)];Dauer[min]
0;initWorkingstep;null;706858.3470577034;null;1;0.0;0.0
1;liefern;00001324;706858.3470577034;liefern_2;1;0.0;0.0
2;drehen;00001324;362997.61582175473;CNC_Lathe_02;1;8.739906198726787;13.293651428630785
