Nr.;Schritt;Materialnummer;Volumen[mm^3];Arbeitsplatz;Qualifikation;Kosten[($)];Dauer[min]
0;initWorkingstep;null;376991.1184307752;null;1;0.0;0.0
1;liefern;00099334;376991.1184307752;liefern_1;1;0.0;0.0
2;drehen;00099334;195399.6321394618;CNC_Lathe_04;1;5.203537367656324;8.530033271783648
3;bohren;00099334;191109.88554575536;Drill_Press_04;2;5.871423277530845;11.692047749993224
4;fräsen;00099334;190385.34855917018;CNC_Mill_08;2;5.102107882989023;8.429882359763548
