Nr.;Schritt;Materialnummer;Volumen[mm^3];Arbeitsplatz;Qualifikation;Kosten[($)];Dauer[min]
0;initWorkingstep;null;2500000.0;null;1;0.0;0.0
1;liefern;00090021;2500000.0;liefern_1;1;0.0;0.0
2;fräsen;00090021;2277286.0799341225;CNC_Mill_06;2;11.962732752348275;19.01994594028929
3;bohren;00090021;2269474.3790617133;Drill_Press_02;2;6.1206788035636945;12.146607657167523
4;schleifen;00090021;2269474.3790617133;Grinding_Station_02;1;8.758189796830855;15.0127887311112
5;kontrollieren;00090021;2269474.3790617133;Grinding_Station_02;1;1.1666666666666667;2.0
