Nr.;Schritt;Materialnummer;Volumen[mm^3];Arbeitsplatz;Qualifikation;Kosten[($)];Dauer[min]
0;initWorkingstep;null;1759291.886010284;null;1;0.0;0.0
1;liefern;00088240;1759291.886010284;liefern_2;1;0.0;0.0
2;drehen;00088240;926519.5721490645;CNC_Lathe_02;1;12.109872850248246;16.62069916436132
3;bohren;00088240;914535.9411179944;Drill_Press_02;2;5.896788781530083;11.738306067017673
