Nr.;Schritt;Materialnummer;Volumen[mm^3];Arbeitsplatz;Qualifikation;Kosten[($)];Dauer[min]
0;initWorkingstep;null;6000000.0;null;1;0.0;0.0
1;liefern;00018498;6000000.0;liefern_3;1;0.0;0.0
2;bohren;00018498;5944078.865367937;Drill_Press_04;2;7.104894574323055;13.941492755670389
3;schweißen;00018498;8168883.051399115;Welding_Station_03;2;20.693751707938297;25.154571728965912
4;prüfen;00018498;8168883.051399115;Welding_Station_03;1;0.0;30.0
5;fräsen;00018498;8149668.178126096;CNC_Mill_07;2;12.745829122180533;21.612661262542247
