Nr.;Schritt;Materialnummer;Volumen[mm^3];Arbeitsplatz;Qualifikation;Kosten[($)];Dauer[min]
0;initWorkingstep;null;4500000.0;null;1;0.0;0.0
1;liefern;00047549;4500000.0;liefern_4;1;0.0;0.0
2;bohren;00047549;4478491.871295362;Drill_Press_04;2;5.186914231241284;10.179234405871993
3;schweißen;00047549;4728533.871295364;Welding_Station_04;2;6.5555;8.016666666666667
4;prüfen;00047549;4728533.871295364;Welding_Station_04;1;0.0;10.0
