Nr.;Schritt;Materialnummer;Volumen[mm^3];Arbeitsplatz;Qualifikation;Kosten[($)];Dauer[min]
0;initWorkingstep;null;2513274.122871835;null;1;0.0;0.0
1;liefern;00046354;2513274.122871835;liefern_2;1;0.0;0.0
2;drehen;00046354;814361.972147464;CNC_Lathe_04;1;9.62822449699676;12.898368871882806
3;bohren;00046354;804085.1251440027;Drill_Press_04;2;5.876431297357204;11.701180727157778
4;fräsen;00046354;803675.4376163784;CNC_Mill_08;2;5.128302023132998;8.455742104672796
