Nr.;Schritt;Materialnummer;Volumen[mm^3];Arbeitsplatz;Qualifikation;Kosten[($)];Dauer[min]
0;initWorkingstep;null;1800000.0;null;1;0.0;0.0
1;liefern;00029886;1800000.0;liefern_4;1;0.0;0.0
2;fräsen;00029886;1471022.0800105575;CNC_Mill_08;2;9.242286432106159;15.061888368952964
3;bohren;00029886;1457578.6936083206;Drill_Press_04;2;7.966105786267193;15.776552596372229
4;schweißen;00029886;1583745.5609594982;Welding_Station_04;2;9.93473430653209;12.617993877991495
5;prüfen;00029886;1583745.5609594982;Welding_Station_04;1;0.0;20.0
6;schleifen;00029886;1583745.5609594982;Grinding_Station_04;1;12.031958784878018;20.2183821796444
7;kontrollieren;00029886;1583745.5609594982;Grinding_Station_04;1;2.9166666666666665;5.0
