Nr.;Schritt;Materialnummer;Volumen[mm^3];Arbeitsplatz;Qualifikation;Kosten[($)];Dauer[min]
0;initWorkingstep;null;3141592.6535897935;null;1;0.0;0.0
1;liefern;00005718;3141592.6535897935;liefern_1;1;0.0;0.0
2;drehen;00005718;1519256.3683892852;CNC_Lathe_02;1;17.457813910218984;21.90053040137459
3;bohren;00005718;1504703.3705190986;Drill_Press_02;2;5.901839358747933;11.747516654834369
