Nr.;Schritt;Materialnummer;Volumen[mm^3];Arbeitsplatz;Qualifikation;Kosten[($)];Dauer[min]
0;initWorkingstep;null;3000000.0;null;1;0.0;0.0
1;liefern;00047881;3000000.0;liefern_2;1;0.0;0.0
2;fräsen;00047881;2304261.214634734;CNC_Mill_06;2;13.445110703166295;20.48339980655662
3;bohren;00047881;2295605.584913911;Drill_Press_01;2;4.757061098406818;9.425680660462772
4;schweißen;00047881;2324309.58491391;Welding_Station_01;2;5.2535;6.616666666666666
5;prüfen;00047881;2324309.58491391;Welding_Station_01;1;0.0;10.0
