Nr.;Schritt;Materialnummer;Volumen[mm^3];Arbeitsplatz;Qualifikation;Kosten[($)];Dauer[min]
0;initWorkingstep;null;4500000.0;null;1;0.0;0.0
1;liefern;00030526;4500000.0;liefern_4;1;0.0;0.0
2;fräsen;00030526;3106613.132323615;CNC_Mill_08;2;19.90614327747334;31.95131285633772
3;bohren;00030526;3025154.3264757763;Drill_Press_04;2;9.550861433214825;18.93111895492885
4;schleifen;00030526;3025154.3264757763;Grinding_Station_04;1;11.81092241624842;20.086240253893664
5;kontrollieren;00030526;3025154.3264757763;Grinding_Station_04;1;2.3333333333333335;4.0
