Nr.;Schritt;Materialnummer;Volumen[mm^3];Arbeitsplatz;Qualifikation;Kosten[($)];Dauer[min]
0;initWorkingstep;null;7500000.0;null;1;0.0;0.0
1;liefern;00029818;7500000.0;liefern_1;1;0.0;0.0
2;fräsen;00029818;5964187.216774983;CNC_Mill_06;2;18.284672731884296;26.53352038714475
3;bohren;00029818;5896882.826682527;Drill_Press_01;2;7.971890209494324;15.827137853049228
4;schleifen;00029818;5896882.826682527;Grinding_Station_01;1;5.877132371409237;10.138043929429756
5;kontrollieren;00029818;5896882.826682527;Grinding_Station_01;1;0.5833333333333334;1.0
