Nr.;Schritt;Materialnummer;Volumen[mm^3];Arbeitsplatz;Qualifikation;Kosten[($)];Dauer[min]
0;initWorkingstep;null;5000000.0;null;1;0.0;0.0
1;liefern;00039891;5000000.0;liefern_2;1;0.0;0.0
2;bohren;00039891;4966618.579497245;Drill_Press_02;2;7.442052142179048;14.556357008379212
3;schweißen;00039891;5023642.579497245;Welding_Station_01;2;5.625500000000001;7.016666666666667
4;prüfen;00039891;5023642.579497245;Welding_Station_01;1;0.0;10.0
5;fräsen;00039891;4743464.2756056655;CNC_Mill_06;2;10.619727827161576;16.421745302900295
