Nr.;Schritt;Materialnummer;Volumen[mm^3];Arbeitsplatz;Qualifikation;Kosten[($)];Dauer[min]
0;initWorkingstep;null;1.35E7;null;1;0.0;0.0
1;liefern;00015695;1.35E7;liefern_2;1;0.0;0.0
2;fräsen;00015695;1.2383954258294778E7;CNC_Mill_06;2;16.91166011581833;25.178035694251992
3;schweißen;00015695;1.247739506276417E7;Welding_Station_01;2;5.2108405839192535;6.570796326794897
4;prüfen;00015695;1.247739506276417E7;Welding_Station_01;1;0.0;10.0
5;bohren;00015695;1.2435066528971344E7;Drill_Press_02;2;6.583025438677246;12.98977549735361
