Nr.;Schritt;Materialnummer;Volumen[mm^3];Arbeitsplatz;Qualifikation;Kosten[($)];Dauer[min]
0;initWorkingstep;null;589048.6225480862;null;1;0.0;0.0
1;liefern;00052325;589048.6225480862;liefern_3;1;0.0;0.0
2;drehen;00052325;254618.01367232605;CNC_Lathe_02;1;8.791812287535262;13.344896456578729
3;fräsen;00052325;253643.86782776122;CNC_Mill_02;2;5.122504231076042;8.45001832741553
