Nr.;Schritt;Materialnummer;Volumen[mm^3];Arbeitsplatz;Qualifikation;Kosten[($)];Dauer[min]
0;initWorkingstep;null;5000000.0;null;1;0.0;0.0
1;liefern;00100691;5000000.0;liefern_2;1;0.0;0.0
2;fräsen;00100691;4022379.699835307;CNC_Mill_06;2;14.26162813719668;21.289493552788514
3;bohren;00100691;4006864.4818111523;Drill_Press_02;2;4.778823275950744;9.435011039160793
4;schleifen;00100691;4006864.4818111523;Grinding_Station_02;1;5.83764371756803;10.00673085622293
5;kontrollieren;00100691;4006864.4818111523;Grinding_Station_02;1;0.5833333333333334;1.0
