Nr.;Schritt;Materialnummer;Volumen[mm^3];Arbeitsplatz;Qualifikation;Kosten[($)];Dauer[min]
0;initWorkingstep;null;1.5E7;null;1;0.0;0.0
1;liefern;00057000;1.5E7;liefern_4;1;0.0;0.0
2;schweißen;00057000;1.722652656461271E7;Welding_Station_04;2;7.889048321104552;9.45058959258554
3;prüfen;00057000;1.722652656461271E7;Welding_Station_04;1;0.0;10.0
4;fräsen;00057000;1.4852460408492645E7;CNC_Mill_07;2;11.702128510940407;19.668129471420897
5;bohren;00057000;1.4789668182965148E7;Drill_Press_03;2;9.782215933336069;19.407052247565904
