Nr.;Schritt;Materialnummer;Volumen[mm^3];Arbeitsplatz;Qualifikation;Kosten[($)];Dauer[min]
0;initWorkingstep;null;750000.0;null;1;0.0;0.0
1;liefern;00097725;750000.0;liefern_2;1;0.0;0.0
2;fräsen;00097725;611292.408182916;CNC_Mill_06;2;11.69394669956952;18.75459121889672
3;bohren;00097725;607567.5389364198;Drill_Press_02;2;7.769762925864666;15.418487947538136
4;schweißen;00097725;643860.9642342328;Welding_Station_02;2;9.612114978090268;12.271091374290611
5;prüfen;00097725;643860.9642342328;Welding_Station_02;1;0.0;20.0
6;schleifen;00097725;643860.9642342328;Grinding_Station_02;1;11.676945565709438;20.0160509569031
7;kontrollieren;00097725;643860.9642342328;Grinding_Station_02;1;1.75;3.0
