Nr.;Schritt;Materialnummer;Volumen[mm^3];Arbeitsplatz;Qualifikation;Kosten[($)];Dauer[min]
0;initWorkingstep;null;2226603.7932317657;null;1;0.0;0.0
1;liefern;00015166;2226603.7932317657;liefern_2;1;0.0;0.0
2;drehen;00015166;1455682.7918124853;CNC_Lathe_04;1;8.702752188984665;13.256970601557901
3;bohren;00015166;1444823.1662041622;Drill_Press_04;2;5.874046856632314;11.696832293356453
4;fräsen;00015166;1422087.9927962436;CNC_Mill_08;2;5.136050117915385;8.463391287028236
