Nr.;Schritt;Materialnummer;Volumen[mm^3];Arbeitsplatz;Qualifikation;Kosten[($)];Dauer[min]
0;initWorkingstep;null;3999999.9999999995;null;1;0.0;0.0
1;liefern;00039519;3999999.9999999995;liefern_4;1;0.0;0.0
2;fräsen;00039519;3760200.686293095;CNC_Mill_06;2;11.953830290173125;19.011157127232316
3;bohren;00039519;3756242.9223603914;Drill_Press_01;2;4.3861931971369215;8.732629398878409
4;schweißen;00039519;3792516.8485316434;Welding_Station_01;2;13.50600435035155;17.42581112941027
5;prüfen;00039519;3792516.8485316434;Welding_Station_01;1;0.0;30.0
