Nr.;Schritt;Materialnummer;Volumen[mm^3];Arbeitsplatz;Qualifikation;Kosten[($)];Dauer[min]
0;initWorkingstep;null;1200000.0;null;1;0.0;0.0
1;liefern;00062086;1200000.0;liefern_1;1;0.0;0.0
2;fräsen;00062086;812390.0;CNC_Mill_08;2;7.320126664828103;11.891926398795675
3;bohren;00062086;804984.5740077395;Drill_Press_04;2;7.527395301275445;14.976489301855906
4;schleifen;00062086;804984.5740077395;Grinding_Station_04;1;8.879732933809784;15.077558095137032
5;kontrollieren;00062086;804984.5740077395;Grinding_Station_04;1;1.75;3.0
