Nr.;Schritt;Materialnummer;Volumen[mm^3];Arbeitsplatz;Qualifikation;Kosten[($)];Dauer[min]
0;initWorkingstep;null;6000000.0;null;1;0.0;0.0
1;liefern;00099014;6000000.0;liefern_1;1;0.0;0.0
2;bohren;00099014;5972295.652471068;Drill_Press_01;2;7.168229046625118;14.128405792148863
3;schweißen;00099014;6013920.652471067;Welding_Station_01;2;5.439500000000001;6.816666666666666
4;prüfen;00099014;6013920.652471067;Welding_Station_01;1;0.0;10.0
