Nr.;Schritt;Materialnummer;Volumen[mm^3];Arbeitsplatz;Qualifikation;Kosten[($)];Dauer[min]
0;initWorkingstep;null;3926990.8169872416;null;1;0.0;0.0
1;liefern;00069858;3926990.8169872416;liefern_2;1;0.0;0.0
2;drehen;00069858;1837696.4442199212;CNC_Lathe_04;1;10.734081134984617;13.99014164114715
3;bohren;00069858;1826836.8186115983;Drill_Press_04;2;5.874046856632314;11.696832293356453
