Nr.;Schritt;Materialnummer;Volumen[mm^3];Arbeitsplatz;Qualifikation;Kosten[($)];Dauer[min]
0;initWorkingstep;null;1.125E7;null;1;0.0;0.0
1;liefern;00093605;1.125E7;liefern_3;1;0.0;0.0
2;bohren;00093605;1.1203713702274458E7;Drill_Press_02;2;6.801977328822987;13.389071562898685
3;schweißen;00093605;1.2511895261305653E7;Welding_Station_02;2;12.611707737185299;15.49645993245731
4;prüfen;00093605;1.2511895261305653E7;Welding_Station_02;1;0.0;20.0
5;fräsen;00093605;1.1346827584297722E7;CNC_Mill_06;2;21.760990477134104;32.51014046081964
