Nr.;Schritt;Materialnummer;Volumen[mm^3];Arbeitsplatz;Qualifikation;Kosten[($)];Dauer[min]
0;initWorkingstep;null;6000000.0;null;1;0.0;0.0
1;liefern;00009128;6000000.0;liefern_3;1;0.0;0.0
2;schweißen;00009128;8918814.325171074;Welding_Station_04;2;19.699008700703107;24.084955592153875
3;prüfen;00009128;8918814.325171074;Welding_Station_04;1;0.0;30.0
4;fräsen;00009128;8711140.266154224;CNC_Mill_08;2;13.286853350996067;21.59950332905875
5;bohren;00009128;8702042.29418078;Drill_Press_04;2;9.380900262883598;18.621165811507606
