Nr.;Schritt;Materialnummer;Volumen[mm^3];Arbeitsplatz;Qualifikation;Kosten[($)];Dauer[min]
0;initWorkingstep;null;314159.26535897935;null;1;0.0;0.0
1;liefern;00029200;314159.26535897935;liefern_4;1;0.0;0.0
2;drehen;00029200;103052.57709503893;CNC_Lathe_04;1;7.037337876404194;11.612766521608773
