Nr.;Schritt;Materialnummer;Volumen[mm^3];Arbeitsplatz;Qualifikation;Kosten[($)];Dauer[min]
0;initWorkingstep;null;1759291.886010284;null;1;0.0;0.0
1;liefern;00040591;1759291.886010284;liefern_1;1;0.0;0.0
2;drehen;00040591;878483.3616507474;CNC_Lathe_02;1;10.703597823345746;13.96004655610532
3;bohren;00040591;863939.6977529599;Drill_Press_02;2;5.906537257302165;11.75608407303654
4;fräsen;00040591;859458.79320671;CNC_Mill_06;2;5.1525207586158785;8.479651663000325
