Nr.;Schritt;Materialnummer;Volumen[mm^3];Arbeitsplatz;Qualifikation;Kosten[($)];Dauer[min]
0;initWorkingstep;null;785398.1633974484;null;1;0.0;0.0
1;liefern;00036536;785398.1633974484;liefern_1;1;0.0;0.0
2;drehen;00036536;250901.21357794286;CNC_Lathe_04;1;7.984681078312663;12.548044635843613
3;bohren;00036536;245718.40443952696;Drill_Press_04;2;5.870397774650828;11.690177570818596
4;fräsen;00036536;243991.98344419227;CNC_Mill_08;2;5.10331566477631;8.431074722969731
