Nr.;Schritt;Materialnummer;Volumen[mm^3];Arbeitsplatz;Qualifikation;Kosten[($)];Dauer[min]
0;initWorkingstep;null;962112.7501618739;null;1;0.0;0.0
1;liefern;00068259;962112.7501618739;liefern_4;1;0.0;0.0
2;drehen;00068259;346409.9828434842;CNC_Lathe_02;1;10.658837260005185;15.188143541651218
3;bohren;00068259;338420.7367962168;Drill_Press_02;2;5.888176519768147;11.72260014077654
