Nr.;Schritt;Materialnummer;Volumen[mm^3];Arbeitsplatz;Qualifikation;Kosten[($)];Dauer[min]
0;initWorkingstep;null;1908517.537055799;null;1;0.0;0.0
1;liefern;00074906;1908517.537055799;liefern_1;1;0.0;0.0
2;drehen;00074906;1039177.7495189654;CNC_Lathe_02;1;12.439648565849984;16.946274952298666
3;bohren;00074906;1025567.2294448559;Drill_Press_02;2;5.898968232496319;11.742280667078385
4;fräsen;00074906;1014142.8836994626;CNC_Mill_06;2;5.180634289914447;8.507406296055015
