Nr.;Schritt;Materialnummer;Volumen[mm^3];Arbeitsplatz;Qualifikation;Kosten[($)];Dauer[min]
0;initWorkingstep;null;2250000.0;null;1;0.0;0.0
1;liefern;00095524;2250000.0;liefern_3;1;0.0;0.0
2;fräsen;00095524;1800729.227158263;CNC_Mill_08;2;11.2427969052147;18.309200817312608
3;schweißen;00095524;2011551.1254347344;Welding_Station_04;2;5.64909275909503;7.0420352248333655
4;prüfen;00095524;2011551.1254347344;Welding_Station_04;1;0.0;10.0
5;bohren;00095524;2007352.4474410356;Drill_Press_04;2;6.022936493263602;11.968357905981842
