Nr.;Schritt;Materialnummer;Volumen[mm^3];Arbeitsplatz;Qualifikation;Kosten[($)];Dauer[min]
0;initWorkingstep;null;3000000.0;null;1;0.0;0.0
1;liefern;00074280;3000000.0;liefern_1;1;0.0;0.0
2;fräsen;00074280;2246572.222803854;CNC_Mill_06;2;11.470614593858077;17.261769621793157
3;schweißen;00074280;2291932.2228038544;Welding_Station_02;2;5.393000000000001;6.7666666666666675
4;prüfen;00074280;2291932.2228038544;Welding_Station_02;1;0.0;10.0
5;bohren;00074280;2276941.3099761503;Drill_Press_02;2;4.962293258094408;9.769599801864906
