Nr.;Schritt;Materialnummer;Volumen[mm^3];Arbeitsplatz;Qualifikation;Kosten[($)];Dauer[min]
0;initWorkingstep;null;2544690.0494077327;null;1;0.0;0.0
1;liefern;00076202;2544690.0494077327;liefern_3;1;0.0;0.0
2;drehen;00076202;958819.2543976837;CNC_Lathe_02;1;17.224492157837222;21.67018016701605
3;bohren;00076202;945679.9732216127;Drill_Press_02;2;5.897532669370513;11.739662673200394
4;fräsen;00076202;941282.6915311399;CNC_Mill_06;2;5.143853062626174;8.471094619096128
