Nr.;Schritt;Materialnummer;Volumen[mm^3];Arbeitsplatz;Qualifikation;Kosten[($)];Dauer[min]
0;initWorkingstep;null;785398.1633974484;null;1;0.0;0.0
1;liefern;00087390;785398.1633974484;liefern_2;1;0.0;0.0
2;drehen;00087390;351639.1171329611;CNC_Lathe_02;1;9.404588001989676;13.949868037637486
3;bohren;00087390;344362.1881740785;Drill_Press_02;2;5.888129094819236;11.722513653304356
