Nr.;Schritt;Materialnummer;Volumen[mm^3];Arbeitsplatz;Qualifikation;Kosten[($)];Dauer[min]
0;initWorkingstep;null;1.5E7;null;1;0.0;0.0
1;liefern;00095954;1.5E7;liefern_2;1;0.0;0.0
2;fräsen;00095954;1.2917536045572037E7;CNC_Mill_08;2;15.213037854595742;23.501098099394902
3;schweißen;00095954;1.3069337325796163E7;Welding_Station_04;2;19.541225605828988;24.883038285837618
4;prüfen;00095954;1.3069337325796163E7;Welding_Station_04;1;0.0;50.0
5;bohren;00095954;1.3061077936122524E7;Drill_Press_04;2;8.194257133072348;16.192625438070326
