Nr.;Schritt;Materialnummer;Volumen[mm^3];Arbeitsplatz;Qualifikation;Kosten[($)];Dauer[min]
0;initWorkingstep;null;3750000.0;null;1;0.0;0.0
1;liefern;00002081;3750000.0;liefern_2;1;0.0;0.0
2;bohren;00002081;3705433.0113155814;Drill_Press_03;2;6.66900454825795;13.195490953138851
3;schweißen;00002081;4453232.470019576;Welding_Station_03;2;6.1835;7.616666666666667
4;prüfen;00002081;4453232.470019576;Welding_Station_03;1;0.0;10.0
