Nr.;Schritt;Materialnummer;Volumen[mm^3];Arbeitsplatz;Qualifikation;Kosten[($)];Dauer[min]
0;initWorkingstep;null;1.2E7;null;1;0.0;0.0
1;liefern;00057371;1.2E7;liefern_2;1;0.0;0.0
2;fräsen;00057371;1.038346800841984E7;CNC_Mill_06;2;16.7368817889137;23.733148036854903
3;schweißen;00057371;1.0458693924730835E7;Welding_Station_02;2;9.326530919698344;11.964011741611122
4;prüfen;00057371;1.0458693924730835E7;Welding_Station_02;1;0.0;20.0
5;bohren;00057371;1.0424280918803412E7;Drill_Press_02;2;4.645121658385763;9.191183366263457
