Nr.;Schritt;Materialnummer;Volumen[mm^3];Arbeitsplatz;Qualifikation;Kosten[($)];Dauer[min]
0;initWorkingstep;null;1256637.0614359174;null;1;0.0;0.0
1;liefern;00001752;1256637.0614359174;liefern_1;1;0.0;0.0
2;drehen;00001752;640415.531128627;CNC_Lathe_02;1;10.706362162149802;15.235063180455263
3;bohren;00001752;630184.2240510217;Drill_Press_02;2;5.888673934652442;11.72350726154225
4;fräsen;00001752;624090.5401658056;CNC_Mill_06;2;5.163163881601474;8.490158915535911
