Nr.;Schritt;Materialnummer;Volumen[mm^3];Arbeitsplatz;Qualifikation;Kosten[($)];Dauer[min]
0;initWorkingstep;null;5625000.0;null;1;0.0;0.0
1;liefern;00070412;5625000.0;liefern_4;1;0.0;0.0
2;schweißen;00070412;6665541.076803901;Welding_Station_03;2;12.348344934270806;15.213274122871834
3;prüfen;00070412;6665541.076803901;Welding_Station_03;1;0.0;20.0
4;fräsen;00070412;6608882.404517631;CNC_Mill_08;2;9.677958628183273;15.491998759776301
5;bohren;00070412;6593051.348786814;Drill_Press_04;2;4.97819104881;9.798592131090151
